City,Country
Lisbon,Portugal
Porto,Portugal
Barcelona,Spain
Valencia,Spain
Madrid,Spain
Seville,Spain
Malaga,Spain
Bilbao,Spain
Palma de Mallorca,Spain
Las Palmas de Gran Canaria,Spain
Santa Cruz de Tenerife,Spain
Bordeaux,France
Marseille,France
Nice,France
Lyon,France
Paris,France
Brussels,Belgium
Antwerp,Belgium
Amsterdam,Netherlands
Rotterdam,Netherlands
Zurich,Switzerland
Geneva,Switzerland
Bern,Switzerland
Vienna,Austria
Salzburg,Austria
Innsbruck,Austria
Berlin,Germany
Munich,Germany
Hamburg,Germany
Dresden,Germany
Prague,Czechia
Brno,Czechia
Krakow,Poland
Warsaw,Poland
Gdansk,Poland
Budapest,Hungary
Debrecen,Hungary
Bratislava,Slovakia
Belgrade,Serbia
Novi Sad,Serbia
Split,Croatia
Dubrovnik,Croatia
Ljubljana,Slovenia
Tallinn,Estonia
Riga,Latvia
Vilnius,Lithuania
Athens,Greece
Thessaloniki,Greece
Sofia,Bulgaria
Bansko,Bulgaria
Chiang Mai,Thailand
Bangkok,Thailand
Phuket,Thailand
Krabi,Thailand
Pattaya,Thailand
Ho Chi Minh City,Vietnam
Hanoi,Vietnam
Da Nang,Vietnam
Nha Trang,Vietnam
Hue,Vietnam
Siem Reap,Cambodia
Phnom Penh,Cambodia
Sihanoukville,Cambodia
Kuala Lumpur,Malaysia
George Town,Malaysia
Langkawi,Malaysia
Johor Bahru,Malaysia
Singapore,Singapore
Denpasar,Indonesia
Ubud,Indonesia
Jakarta,Indonesia
Bandung,Indonesia
Yogyakarta,Indonesia
Surabaya,Indonesia
Manila,Philippines
Cebu City,Philippines
Davao City,Philippines
Tokyo,Japan
Osaka,Japan
Kyoto,Japan
Fukuoka,Japan
Sapporo,Japan
Seoul,South Korea
Busan,South Korea
Incheon,South Korea
Jeju City,South Korea
Taipei,Taiwan
Taichung,Taiwan
Kaohsiung,Taiwan
Hong Kong,Hong Kong
Macau,Macau
Sydney,Australia
Melbourne,Australia
Brisbane,Australia
Perth,Australia
Adelaide,Australia
Hobart,Australia
Auckland,New Zealand
Wellington,New Zealand
Christchurch,New Zealand
Queenstown,New Zealand
Mexico City,Mexico
Guadalajara,Mexico
Oaxaca,Mexico
Playa del Carmen,Mexico
Tulum,Mexico
Mérida,Mexico
San Miguel de Allende,Mexico
Monterrey,Mexico
Cancún,Mexico
Cabo San Lucas,Mexico
Houston,United States
Austin,United States
Miami,United States
Orlando,United States
San Diego,United States
Los Angeles,United States
San Francisco,United States
Seattle,United States
Vancouver,Canada
Toronto,Canada
Montreal,Canada
Ottawa,Canada
Medellín,Colombia
Bogotá,Colombia
Cartagena,Colombia
Cali,Colombia
Quito,Ecuador
Cuenca,Ecuador
Guayaquil,Ecuador
Lima,Peru
Cusco,Peru
Arequipa,Peru
La Paz,Bolivia
Santa Cruz de la Sierra,Bolivia
Buenos Aires,Argentina
Córdoba,Argentina
Mendoza,Argentina
Rosario,Argentina
Santiago,Chile
Valparaíso,Chile
Viña del Mar,Chile
Rio de Janeiro,Brazil
São Paulo,Brazil
Florianópolis,Brazil
Recife,Brazil
Salvador,Brazil
Fortaleza,Brazil
Montevideo,Uruguay
Panama City,Panama
Marrakech,Morocco
Casablanca,Morocco
Rabat,Morocco
Agadir,Morocco
Tunis,Tunisia
Sousse,Tunisia
Cairo,Egypt
Alexandria,Egypt
Hurghada,Egypt
Sharm El Sheikh,Egypt
Cape Town,South Africa
Johannesburg,South Africa
Durban,South Africa
Pretoria,South Africa
Nairobi,Kenya
Mombasa,Kenya
Zanzibar City,Tanzania
Dar es Salaam,Tanzania
Addis Ababa,Ethiopia
Accra,Ghana
Kumasi,Ghana
Dakar,Senegal
Tel Aviv,Israel
Jerusalem,Israel
Amman,Jordan
Beirut,Lebanon
Dubai,United Arab Emirates
Abu Dhabi,United Arab Emirates
Sharjah,United Arab Emirates
Doha,Qatar
Manama,Bahrain
Muscat,Oman
Kuwait City,Kuwait
Riyadh,Saudi Arabia
Jeddah,Saudi Arabia
Istanbul,Turkey
Antalya,Turkey
Ankara,Turkey
Bodrum,Turkey
Tbilisi,Georgia
